ts,dispositivo_id,p_ac_kw,irradiancia_wm2,temp_modulo_c
2026-10-05 00:00:00,1,0.0,0.0,22.0
2026-10-05 00:05:00,1,0.0,0.0,22.0
2026-10-05 00:10:00,1,0.0,0.0,22.0
2026-10-05 00:15:00,1,0.0, ,22.0
2026-10-05 00:20:00,1,0.0,0.0,22.0
2026-10-05 00:25:00,1,0.0,0.0,22.0
2026-10-05 00:30:00,1,0.0,0.0,22.0
2026-10-05 00:35:00,1,0.0,0.0,22.0
2026-10-05 00:40:00,1,0.0,0.0,22.0
2026-10-05 00:45:00,1,0.0,0.0,22.0
2026-10-05 00:50:00,1,0.0,0.0,22.0
2026-10-05 00:55:00,1,0.0,0.0,22.0
2026-10-05 01:00:00,1,0.0,0.0,22.0
2026-10-05 01:05:00,1,0.0,0.0,22.0
2026-10-05 01:10:00,1,-1,0.0,22.0
2026-10-05 01:15:00,1,0.0,0.0,22.0
2026-10-05 01:20:00,1,0.0,0.0,22.0
2026-10-05 01:25:00,1,-1,0.0,22.0
2026-10-05 01:30:00,1,0.0,0.0,22.0
2026-10-05 01:30:00,1,0.0,0.0,22.0
2026-10-05 01:35:00,1,0.0,0.0,22.0
2026-10-05 01:40:00,1,0.0,0.0,22.0
2026-10-05 01:45:00,1,0.0,0.0,22.0
2026-10-05 01:50:00,1,0.0,0.0,22.0
2026-10-05 01:55:00,1,0.0, ,22.0
2026-10-05 02:00:00,1,0.0,0.0,22.0
2026-10-05 02:05:00,1,0.0,0.0,22.0
2026-10-05 02:10:00,1,0.0,0.0,22.0
2026-10-05 02:15:00,1,0.0,0.0,22.0
2026-10-05 02:20:00,1,0.0,0.0,22.0
2026-10-05 02:25:00,1,0.0,0.0,22.0
2026-10-05 02:30:00,1,0.0,0.0,22.0
2026-10-05 02:35:00,1,0.0,0.0,22.0
2026-10-05 02:40:00,1,0.0,0.0,22.0
2026-10-05 02:45:00,1,0.0,0.0,22.0
2026-10-05 02:50:00,1,0.0,0.0,22.0
2026-10-05 02:55:00,1,0.0,0.0,22.0
2026-10-05 03:00:00,1,0.0, ,22.0
2026-10-05 03:05:00,1,0.0,0.0,22.0
2026-10-05 03:10:00,1,0.0,0.0,22.0
2026-10-05 03:15:00,1,0.0,0.0,22.0
2026-10-05 03:20:00,1,0.0,0.0,22.0
2026-10-05 03:25:00,1,0.0,0.0,22.0
2026-10-05 03:30:00,1,0.0,0.0,22.0
2026-10-05 03:35:00,1,0.0,0.0,22.0
2026-10-05 03:40:00,1,0.0,0.0,22.0
2026-10-05 03:45:00,1,0.0,0.0,22.0
2026-10-05 03:50:00,1,0.0,0.0,22.0
2026-10-05 03:55:00,1,0.0,0.0,22.0
2026-10-05 04:00:00,1,0.0,0.0,22.0
2026-10-05 04:05:00,1,0.0,0.0,22.0
2026-10-05 04:10:00,1,0.0,0.0,22.0
2026-10-05 04:15:00,1,0.0,0.0,22.0
2026-10-05 04:20:00,1,0.0,0.0,22.0
2026-10-05 04:25:00,1,0.0,0.0,22.0
2026-10-05 04:30:00,1,0.0,0.0,22.0
2026-10-05 04:30:00,1,0.0,0.0,22.0
2026-10-05 04:35:00,1,0.0,0.0,22.0
2026-10-05 04:40:00,1,0.0,0.0,22.0
2026-10-05 04:45:00,1,0.0,0.0,22.0
2026-10-05 04:50:00,1,0.0,0.0,22.0
2026-10-05 04:55:00,1,0.0,0.0,22.0
2026-10-05 05:00:00,1,0.0,0.0,22.0
2026-10-05 05:05:00,1,0.0,0.0,22.0
2026-10-05 05:05:00,1,0.0,0.0,22.0
2026-10-05 05:10:00,1,0.0,0.0,22.0
2026-10-05 05:15:00,1,0.0,0.0,22.0
2026-10-05 05:20:00,1,0.0,0.0,22.0
2026-10-05 05:25:00,1,0.0,0.0,22.0
2026-10-05 05:30:00,1,0.0,0.0,22.0
2026-10-05 05:35:00,1,0.0,0.0,22.0
2026-10-05 05:40:00,1,0.0,0.0,22.0
2026-10-05 05:45:00,1,0.0,0.0,22.0
2026-10-05 05:50:00,1,0.0,0.0,22.0
2026-10-05 05:55:00,1,0.0,0.0,22.0
2026-10-05 06:00:00,1,0.0,0.0,22.0
2026-10-05 06:05:00,1,0.088,21.3,22.7
2026-10-05 06:10:00,1,-1,40.4,23.3
2026-10-05 06:15:00,1,0.226,55.2,24.0
2026-10-05 06:20:00,1,0.318,73.7,24.6
2026-10-05 06:25:00,1,0.341,80.5,25.3
2026-10-05 06:30:00,1,0.542,120.7,25.9
2026-10-05 06:35:00,1,0.484,116.6,26.6
2026-10-05 06:40:00,1,0.569,135.8,27.2
2026-10-05 06:45:00,1,0.735,169.5,27.9
2026-10-05 06:50:00,1,0.711,175.5,28.5
2026-10-05 06:55:00,1,0.79,190.6,29.1
2026-10-05 07:00:00,1,0.841,203.6,29.8
2026-10-05 07:05:00,1,1.091,259.8,30.4
2026-10-05 07:10:00,1,1.122,260.9,31.0
2026-10-05 07:15:00,1,1.147,269.0,31.6
2026-10-05 07:20:00,1,1.164,270.1,32.3
2026-10-05 07:25:00,1,1.448,327.8,32.9
2026-10-05 07:30:00,1,1.427,338.0,33.5
2026-10-05 07:35:00,1,1.473,332.3,34.1
2026-10-05 07:40:00,1,1.626,382.9,34.7
2026-10-05 07:45:00,1,1.666,391.2,35.3
2026-10-05 07:50:00,1,1.922,454.8,35.9
2026-10-05 07:55:00,1,1.94,471.2,36.4
2026-10-05 08:00:00,1,1.705,393.8,37.0
2026-10-05 08:05:00,1,2.134,503.2,37.6
2026-10-05 08:10:00,1,2.183,521.8,38.1
2026-10-05 08:15:00,1,1.821,446.5,38.7
2026-10-05 08:20:00,1,2.107,476.3,39.2
2026-10-05 08:20:00,1,2.107,476.3,39.2
2026-10-05 08:25:00,1,2.161,531.9,39.7
2026-10-05 08:30:00,1,2.121,514.3,40.3
2026-10-05 08:35:00,1,2.131,493.8,40.8
2026-10-05 08:40:00,1,2.752,640.3,41.3
2026-10-05 08:45:00,1,2.218, ,41.8
2026-10-05 08:50:00,1,2.112,476.7,42.3
2026-10-05 08:55:00,1,2.704,656.8,42.7
2026-10-05 09:00:00,1,2.311,521.2,43.2
2026-10-05 09:05:00,1,2.447,566.4,43.7
2026-10-05 09:10:00,1,3.014,718.6,44.1
2026-10-05 09:15:00,1,3.237,747.7,44.6
2026-10-05 09:20:00,1,2.853,694.4,45.0
2026-10-05 09:25:00,1,2.885,694.8,45.4
2026-10-05 09:30:00,1,2.344,567.9,45.8
2026-10-05 09:35:00,1,3.285, ,46.2
2026-10-05 09:40:00,1,3.32,752.0,46.6
2026-10-05 09:45:00,1,3.018,716.9,46.9
2026-10-05 09:50:00,1,-1,714.3,47.3
2026-10-05 09:55:00,1,2.571,633.2,47.6
2026-10-05 10:00:00,1,3.262,796.1,48.0
2026-10-05 10:05:00,1,2.726,646.4,48.3
2026-10-05 10:10:00,1,3.148,749.1,48.6
2026-10-05 10:15:00,1,2.818,684.8,48.9
2026-10-05 10:20:00,1,2.8,638.8,49.2
2026-10-05 10:25:00,1,3.552,884.4,49.5
2026-10-05 10:30:00,1,2.774,692.2,49.7
2026-10-05 10:35:00,1,3.993,912.5,50.0
2026-10-05 10:40:00,1,3.212,724.7,50.2
2026-10-05 10:45:00,1,3.142,728.9,50.4
2026-10-05 10:50:00,1,3.77,845.7,50.6
2026-10-05 10:55:00,1,3.106,747.7,50.8
2026-10-05 11:00:00,1,3.76,846.2,51.0
2026-10-05 11:05:00,1,3.16,741.1,51.1
2026-10-05 11:10:00,1,3.059,761.3,51.3
2026-10-05 11:15:00,1,3.878,912.9,51.4
2026-10-05 11:20:00,1,3.268,737.7,51.5
2026-10-05 11:25:00,1,3.358,771.8,51.7
2026-10-05 11:30:00,1,3.884,961.6,51.7
2026-10-05 11:35:00,1,3.803,894.4,51.8
2026-10-05 11:40:00,1,3.412,763.2,51.9
2026-10-05 11:45:00,1,3.488,860.0,51.9
2026-10-05 11:50:00,1,3.825,888.8,52.0
2026-10-05 11:50:00,1,3.825,888.8,52.0
2026-10-05 11:55:00,1,3.884,940.9,52.0
2026-10-05 12:00:00,1,3.976,901.0,52.0
2026-10-05 12:05:00,1,3.474,823.2,52.0
2026-10-05 12:10:00,1,3.591,835.1,52.0
2026-10-05 12:15:00,1,3.546,827.9,51.9
2026-10-05 12:20:00,1,3.265,806.1,51.9
2026-10-05 12:25:00,1,3.406,801.8,51.8
2026-10-05 12:30:00,1,4.158,943.4,51.7
2026-10-05 12:35:00,1,2.972,727.6,51.7
2026-10-05 12:40:00,1,3.8,941.0,51.5
2026-10-05 12:45:00,1,3.699,894.5,51.4
2026-10-05 12:50:00,1,4.044,938.0,51.3
2026-10-05 12:55:00,1,-1,746.7,51.1
2026-10-05 13:00:00,1,2.974,708.0,51.0
2026-10-05 13:05:00,1,3.715,829.6,50.8
2026-10-05 13:10:00,1,3.932,926.2,50.6
2026-10-05 13:15:00,1,2.914,714.3,50.4
2026-10-05 13:20:00,1,3.707,878.0,50.2
2026-10-05 13:25:00,1,3.368,827.3,50.0
2026-10-05 13:30:00,1,3.318,773.1,49.7
2026-10-05 13:35:00,1,3.957,914.4,49.5
2026-10-05 13:40:00,1,3.347,746.7,49.2
2026-10-05 13:45:00,1,3.67,825.0,48.9
2026-10-05 13:50:00,1,2.938,703.3,48.6
2026-10-05 13:55:00,1,3.764,843.6,48.3
2026-10-05 14:00:00,1,3.026,731.7,48.0
2026-10-05 14:05:00,1,3.607,823.1,47.6
2026-10-05 14:10:00,1,2.649, ,47.3
2026-10-05 14:15:00,1,2.634,593.4,46.9
2026-10-05 14:20:00,1,2.636,638.3,46.6
2026-10-05 14:25:00,1,3.317,748.8,46.2
2026-10-05 14:30:00,1,2.898,658.4,45.8
2026-10-05 14:35:00,1,2.734,652.4,45.4
2026-10-05 14:40:00,1,3.049,711.8,45.0
2026-10-05 14:45:00,1,2.946,695.4,44.6
2026-10-05 14:50:00,1,2.272,557.0,44.1
2026-10-05 14:55:00,1,2.432,605.2,43.7
2026-10-05 15:00:00,1,2.851,642.1,43.2
2026-10-05 15:05:00,1,2.743,660.7,42.7
2026-10-05 15:10:00,1,2.095,509.3,42.3
2026-10-05 15:15:00,1,2.396,580.2,41.8
2026-10-05 15:20:00,1,2.052,467.3,41.3
2026-10-05 15:25:00,1,2.579,582.3,40.8
2026-10-05 15:30:00,1,2.028,506.8,40.3
2026-10-05 15:35:00,1,2.504,589.9,39.7
2026-10-05 15:40:00,1,2.121,494.3,39.2
2026-10-05 15:45:00,1,1.85,443.8,38.7
2026-10-05 15:50:00,1,1.975,480.8,38.1
2026-10-05 15:55:00,1,1.995,469.4,37.6
2026-10-05 16:00:00,1,1.576,373.3,37.0
2026-10-05 16:05:00,1,2.046,469.6,36.4
2026-10-05 16:10:00,1,1.866,422.0,35.9
2026-10-05 16:15:00,1,1.634,408.4,35.3
2026-10-05 16:20:00,1,1.536,368.0,34.7
2026-10-05 16:25:00,1,1.211,299.5,34.1
2026-10-05 16:30:00,1,1.514,345.6,33.5
2026-10-05 16:35:00,1,1.502,340.2,32.9
2026-10-05 16:40:00,1,1.494,334.9,32.3
2026-10-05 16:45:00,1,1.182,263.6,31.6
2026-10-05 16:50:00,1,0.916,224.9,31.0
2026-10-05 16:55:00,1,1.095,270.5,30.4
2026-10-05 17:00:00,1,1.036,240.8,29.8
2026-10-05 17:05:00,1,0.976,219.4,29.1
2026-10-05 17:10:00,1,0.633,157.2,28.5
2026-10-05 17:10:00,1,0.633,157.2,28.5
2026-10-05 17:15:00,1,0.695,173.8,27.9
2026-10-05 17:20:00,1,0.656,148.3,27.2
2026-10-05 17:25:00,1,0.545,135.8,26.6
2026-10-05 17:30:00,1,0.472,109.6,25.9
2026-10-05 17:35:00,1,0.475,108.2,25.3
2026-10-05 17:40:00,1,0.322,75.2,24.6
2026-10-05 17:40:00,1,0.322,75.2,24.6
2026-10-05 17:45:00,1,0.224,50.7,24.0
2026-10-05 17:50:00,1,0.146,35.9,23.3
2026-10-05 17:55:00,1,0.087,20.3,22.7
2026-10-05 18:00:00,1,0.0,0.0,22.0
2026-10-05 18:05:00,1,0.0,0.0,22.0
2026-10-05 18:05:00,1,0.0,0.0,22.0
2026-10-05 18:10:00,1,0.0,0.0,22.0
2026-10-05 18:15:00,1,0.0,0.0,22.0
2026-10-05 18:20:00,1,0.0,0.0,22.0
2026-10-05 18:25:00,1,0.0,0.0,22.0
2026-10-05 18:30:00,1,0.0,0.0,22.0
2026-10-05 18:35:00,1,0.0,0.0,22.0
2026-10-05 18:40:00,1,0.0,0.0,22.0
2026-10-05 18:45:00,1,0.0,0.0,22.0
2026-10-05 18:50:00,1,0.0,0.0,22.0
2026-10-05 18:50:00,1,0.0,0.0,22.0
2026-10-05 18:55:00,1,0.0,0.0,22.0
2026-10-05 19:00:00,1,0.0,0.0,22.0
2026-10-05 19:00:00,1,0.0,0.0,22.0
2026-10-05 19:05:00,1,0.0,0.0,22.0
2026-10-05 19:10:00,1,0.0,0.0,22.0
2026-10-05 19:15:00,1,0.0,0.0,22.0
2026-10-05 19:20:00,1,0.0,0.0,22.0
2026-10-05 19:25:00,1,0.0,0.0,22.0
2026-10-05 19:30:00,1,0.0,0.0,22.0
2026-10-05 19:35:00,1,0.0,0.0,22.0
2026-10-05 19:40:00,1,0.0,0.0,22.0
2026-10-05 19:45:00,1,0.0,0.0,22.0
2026-10-05 19:50:00,1,0.0,0.0,22.0
2026-10-05 19:55:00,1,0.0,0.0,22.0
2026-10-05 20:00:00,1,0.0,0.0,22.0
2026-10-05 20:05:00,1,0.0,0.0,22.0
2026-10-05 20:10:00,1,0.0,0.0,22.0
2026-10-05 20:15:00,1,0.0,0.0,22.0
2026-10-05 20:20:00,1,0.0,0.0,22.0
2026-10-05 20:25:00,1,0.0,0.0,22.0
2026-10-05 20:30:00,1,0.0,0.0,22.0
2026-10-05 20:35:00,1,0.0,0.0,22.0
2026-10-05 20:40:00,1,0.0,0.0,22.0
2026-10-05 20:45:00,1,0.0,0.0,22.0
2026-10-05 20:50:00,1,0.0,0.0,22.0
2026-10-05 20:55:00,1,0.0,0.0,22.0
2026-10-05 21:00:00,1,0.0,0.0,22.0
2026-10-05 21:05:00,1,0.0,0.0,22.0
2026-10-05 21:10:00,1,0.0,0.0,22.0
2026-10-05 21:15:00,1,0.0,0.0,22.0
2026-10-05 21:20:00,1,0.0, ,22.0
2026-10-05 21:25:00,1,0.0,0.0,22.0
2026-10-05 21:30:00,1,0.0,0.0,22.0
2026-10-05 21:35:00,1,0.0,0.0,22.0
2026-10-05 21:40:00,1,0.0,0.0,22.0
2026-10-05 21:45:00,1,0.0,0.0,22.0
2026-10-05 21:50:00,1,0.0,0.0,22.0
2026-10-05 21:55:00,1,0.0,0.0,22.0
2026-10-05 22:00:00,1,0.0,0.0,22.0
2026-10-05 22:05:00,1,0.0,0.0,22.0
2026-10-05 22:10:00,1,0.0,0.0,22.0
2026-10-05 22:15:00,1,0.0,0.0,22.0
2026-10-05 22:20:00,1,0.0,0.0,22.0
2026-10-05 22:25:00,1,0.0,0.0,22.0
2026-10-05 22:30:00,1,0.0,0.0,22.0
2026-10-05 22:35:00,1,0.0,0.0,22.0
2026-10-05 22:40:00,1,0.0,0.0,22.0
2026-10-05 22:45:00,1,0.0,0.0,22.0
2026-10-05 22:50:00,1,0.0,0.0,22.0
2026-10-05 22:55:00,1,0.0,0.0,22.0
2026-10-05 23:00:00,1,0.0,0.0,22.0
2026-10-05 23:05:00,1,0.0,0.0,22.0
2026-10-05 23:10:00,1,0.0,0.0,22.0
2026-10-05 23:15:00,1,0.0,0.0,22.0
2026-10-05 23:20:00,1,0.0,0.0,22.0
2026-10-05 23:25:00,1,0.0,0.0,22.0
2026-10-05 23:30:00,1,0.0,0.0,22.0
2026-10-05 23:35:00,1,0.0,0.0,22.0
2026-10-05 23:40:00,1,0.0,0.0,22.0
2026-10-05 23:45:00,1,0.0,0.0,22.0
2026-10-05 23:50:00,1,0.0,0.0,22.0
2026-10-05 23:55:00,1,0.0,0.0,22.0
2026-10-06 00:00:00,1,0.0,0.0,22.0
2026-10-06 00:05:00,1,0.0,0.0,22.0
2026-10-06 00:10:00,1,0.0,0.0,22.0
2026-10-06 00:15:00,1,0.0,0.0,22.0
2026-10-06 00:20:00,1,0.0,0.0,22.0
2026-10-06 00:25:00,1,0.0,0.0,22.0
2026-10-06 00:30:00,1,0.0,0.0,22.0
2026-10-06 00:35:00,1,0.0,0.0,22.0
2026-10-06 00:40:00,1,-1,0.0,22.0
2026-10-06 00:45:00,1,0.0,0.0,22.0
2026-10-06 00:50:00,1,0.0,0.0,22.0
2026-10-06 00:55:00,1,0.0,0.0,22.0
2026-10-06 01:00:00,1,0.0,0.0,22.0
2026-10-06 01:05:00,1,0.0,0.0,22.0
2026-10-06 01:10:00,1,0.0,0.0,22.0
2026-10-06 01:15:00,1,0.0,0.0,22.0
2026-10-06 01:20:00,1,0.0,0.0,22.0
2026-10-06 01:25:00,1,0.0,0.0,22.0
2026-10-06 01:30:00,1,0.0,0.0,22.0
2026-10-06 01:35:00,1,0.0,0.0,22.0
2026-10-06 01:40:00,1,0.0,0.0,22.0
2026-10-06 01:45:00,1,0.0,0.0,22.0
2026-10-06 01:50:00,1,0.0,0.0,22.0
2026-10-06 01:55:00,1,0.0,0.0,22.0
2026-10-06 02:00:00,1,0.0,0.0,22.0
2026-10-06 02:05:00,1,0.0,0.0,22.0
2026-10-06 02:10:00,1,0.0,0.0,22.0
2026-10-06 02:15:00,1,0.0,0.0,22.0
2026-10-06 02:20:00,1,0.0,0.0,22.0
2026-10-06 02:25:00,1,0.0,0.0,22.0
2026-10-06 02:30:00,1,0.0,0.0,22.0
2026-10-06 02:35:00,1,0.0,0.0,22.0
2026-10-06 02:40:00,1,0.0,0.0,22.0
2026-10-06 02:45:00,1,0.0,0.0,22.0
2026-10-06 02:50:00,1,0.0,0.0,22.0
2026-10-06 02:55:00,1,0.0,0.0,22.0
2026-10-06 03:00:00,1,0.0,0.0,22.0
2026-10-06 03:05:00,1,0.0,0.0,22.0
2026-10-06 03:10:00,1,0.0,0.0,22.0
2026-10-06 03:15:00,1,0.0,0.0,22.0
2026-10-06 03:20:00,1,0.0,0.0,22.0
2026-10-06 03:25:00,1,0.0,0.0,22.0
2026-10-06 03:30:00,1,0.0,0.0,22.0
2026-10-06 03:35:00,1,0.0,0.0,22.0
2026-10-06 03:40:00,1,0.0,0.0,22.0
2026-10-06 03:45:00,1,0.0,0.0,22.0
2026-10-06 03:50:00,1,0.0,0.0,22.0
2026-10-06 03:55:00,1,0.0,0.0,22.0
2026-10-06 04:00:00,1,0.0,0.0,22.0
2026-10-06 04:05:00,1,0.0,0.0,22.0
2026-10-06 04:10:00,1,0.0,0.0,22.0
2026-10-06 04:15:00,1,0.0, ,22.0
2026-10-06 04:20:00,1,0.0,0.0,22.0
2026-10-06 04:25:00,1,0.0,0.0,22.0
2026-10-06 04:30:00,1,0.0,0.0,22.0
2026-10-06 04:35:00,1,0.0,0.0,22.0
2026-10-06 04:40:00,1,0.0,0.0,22.0
2026-10-06 04:40:00,1,0.0,0.0,22.0
2026-10-06 04:45:00,1,0.0,0.0,22.0
2026-10-06 04:50:00,1,0.0,0.0,22.0
2026-10-06 04:55:00,1,0.0,0.0,22.0
2026-10-06 05:00:00,1,-1,0.0,22.0
2026-10-06 05:05:00,1,0.0,0.0,22.0
2026-10-06 05:10:00,1,0.0,0.0,22.0
2026-10-06 05:15:00,1,0.0,0.0,22.0
2026-10-06 05:20:00,1,0.0,0.0,22.0
2026-10-06 05:25:00,1,0.0,0.0,22.0
2026-10-06 05:30:00,1,0.0,0.0,22.0
2026-10-06 05:35:00,1,0.0,0.0,22.0
2026-10-06 05:40:00,1,0.0,0.0,22.0
2026-10-06 05:45:00,1,0.0,0.0,22.0
2026-10-06 05:50:00,1,0.0,0.0,22.0
2026-10-06 05:55:00,1,0.0,0.0,22.0
2026-10-06 06:00:00,1,0.0,0.0,22.0
2026-10-06 06:05:00,1,0.086,20.6,22.7
2026-10-06 06:10:00,1,0.157,37.8,23.3
2026-10-06 06:15:00,1,0.201,46.1,24.0
2026-10-06 06:20:00,1,0.264,63.9,24.6
2026-10-06 06:25:00,1,0.461,103.6,25.3
2026-10-06 06:30:00,1,0.513,117.9,25.9
2026-10-06 06:35:00,1,-1,109.5,26.6
2026-10-06 06:40:00,1,0.63,146.0,27.2
2026-10-06 06:45:00,1,0.633,155.1,27.9
2026-10-06 06:50:00,1,0.788,179.0,28.5
2026-10-06 06:55:00,1,0.736,179.4,29.1
2026-10-06 07:00:00,1,0.979,240.8,29.8
2026-10-06 07:05:00,1,1.206,276.7,30.4
2026-10-06 07:10:00,1,0.864,211.5,31.0
2026-10-06 07:15:00,1,1.33,301.6,31.6
2026-10-06 07:20:00,1,1.478,330.4,32.3
2026-10-06 07:25:00,1,1.21,277.9,32.9
2026-10-06 07:30:00,1,1.447,331.4,33.5
2026-10-06 07:35:00,1,1.557,372.5,34.1
2026-10-06 07:40:00,1,1.703,420.4,34.7
2026-10-06 07:45:00,1,1.548,366.0,35.3
2026-10-06 07:50:00,1,1.815,439.5,35.9
2026-10-06 07:55:00,1,1.643,378.2,36.4
2026-10-06 08:00:00,1,2.134,487.5,37.0
2026-10-06 08:05:00,1,1.874,438.0,37.6
2026-10-06 08:10:00,1,2.084,509.7,38.1
2026-10-06 08:15:00,1,2.006,483.4,38.7
2026-10-06 08:20:00,1,1.719,424.2,39.2
2026-10-06 08:25:00,1,-1,417.5,39.7
2026-10-06 08:30:00,1,2.53,577.0,40.3
2026-10-06 08:35:00,1,1.957,451.5,40.8
2026-10-06 08:40:00,1,2.26,503.9,41.3
2026-10-06 08:45:00,1,2.395,561.8,41.8
2026-10-06 08:50:00,1,2.839,667.5,42.3
2026-10-06 08:55:00,1,2.458,576.6,42.7
2026-10-06 09:00:00,1,2.775,677.5,43.2
2026-10-06 09:00:00,1,2.775,677.5,43.2
2026-10-06 09:05:00,1,2.733,613.6,43.7
2026-10-06 09:10:00,1,-1,700.1,44.1
2026-10-06 09:15:00,1,2.292,539.3,44.6
2026-10-06 09:15:00,1,2.292,539.3,44.6
2026-10-06 09:20:00,1,2.38,549.7,45.0
2026-10-06 09:25:00,1,2.577,578.8,45.4
2026-10-06 09:30:00,1,2.621,589.8,45.8
2026-10-06 09:35:00,1,3.049,725.7,46.2
2026-10-06 09:40:00,1,2.905,657.9,46.6
2026-10-06 09:45:00,1,2.69,662.2,46.9
2026-10-06 09:50:00,1,3.193,771.9,47.3
2026-10-06 09:55:00,1,3.49,810.6,47.6
2026-10-06 10:00:00,1,2.608,636.8,48.0
2026-10-06 10:05:00,1,3.259,729.5,48.3
2026-10-06 10:10:00,1,2.987,715.6,48.6
2026-10-06 10:15:00,1,3.146,732.8,48.9
2026-10-06 10:15:00,1,3.146,732.8,48.9
2026-10-06 10:20:00,1,3.366,840.9,49.2
2026-10-06 10:25:00,1,2.986,698.3,49.5
2026-10-06 10:30:00,1,3.503,803.4,49.7
2026-10-06 10:35:00,1,3.828,850.7,50.0
2026-10-06 10:40:00,1,3.385,775.7,50.2
2026-10-06 10:45:00,1,3.371,766.9,50.4
2026-10-06 10:50:00,1,4.126,943.5,50.6
2026-10-06 10:55:00,1,2.895,694.1,50.8
2026-10-06 11:00:00,1,3.454,855.7,51.0
2026-10-06 11:05:00,1,3.483,847.6,51.1
2026-10-06 11:10:00,1,4.044,916.3,51.3
2026-10-06 11:15:00,1,4.088,938.8,51.4
2026-10-06 11:20:00,1,3.645,891.8,51.5
2026-10-06 11:25:00,1,4.002,906.1,51.7
2026-10-06 11:30:00,1,3.126,745.5,51.7
2026-10-06 11:35:00,1,3.561,871.6,51.8
2026-10-06 11:40:00,1,4.105,923.4,51.9
2026-10-06 11:45:00,1,3.128,754.6,51.9
2026-10-06 11:50:00,1,3.079,702.7,52.0
2026-10-06 11:55:00,1,3.323,747.8,52.0
2026-10-06 12:00:00,1,4.26,983.0,52.0
2026-10-06 12:05:00,1,4.02,948.2,52.0
2026-10-06 12:10:00,1,3.971,979.3,52.0
2026-10-06 12:15:00,1,3.187,719.9,51.9
2026-10-06 12:20:00,1,3.332,741.4,51.9
2026-10-06 12:25:00,1,3.431,800.0,51.8
2026-10-06 12:30:00,1,3.551,802.1,51.7
2026-10-06 12:35:00,1,3.156,711.3,51.7
2026-10-06 12:40:00,1,3.494,800.5,51.5
2026-10-06 12:45:00,1,3.459,811.2,51.4
2026-10-06 12:50:00,1,4.04,956.6,51.3
2026-10-06 12:55:00,1,3.824,910.1,51.1
2026-10-06 13:00:00,1,2.846,708.8,51.0
2026-10-06 13:05:00,1,4.005,914.4,50.8
2026-10-06 13:10:00,1,3.232,725.5,50.6
2026-10-06 13:15:00,1,4.044,945.4,50.4
2026-10-06 13:20:00,1,3.068,690.1,50.2
2026-10-06 13:25:00,1,3.113,749.6,50.0
2026-10-06 13:30:00,1,3.587,856.9,49.7
2026-10-06 13:35:00,1,3.319,764.0,49.5
2026-10-06 13:40:00,1,2.948,659.1,49.2
2026-10-06 13:45:00,1,-1,670.6,48.9
2026-10-06 13:50:00,1,3.263,762.0,48.6
2026-10-06 13:55:00,1,3.044,679.2,48.3
2026-10-06 14:00:00,1,3.366,764.2,48.0
2026-10-06 14:05:00,1,2.823,695.1,47.6
2026-10-06 14:10:00,1,3.539,788.6,47.3
2026-10-06 14:15:00,1,2.869,702.4,46.9
2026-10-06 14:20:00,1,2.818,694.3,46.6
2026-10-06 14:25:00,1,2.71,667.0,46.2
2026-10-06 14:30:00,1,-1,788.3,45.8
2026-10-06 14:35:00,1,-1,679.9,45.4
2026-10-06 14:40:00,1,2.811,700.2,45.0
2026-10-06 14:45:00,1,2.778,635.4,44.6
2026-10-06 14:50:00,1,2.542,633.5,44.1
2026-10-06 14:55:00,1,2.873,667.0,43.7
2026-10-06 15:00:00,1,2.418,586.2,43.2
2026-10-06 15:05:00,1,2.976,678.3,42.7
2026-10-06 15:10:00,1,2.094,489.8,42.3
2026-10-06 15:15:00,1,2.491,607.2,41.8
2026-10-06 15:20:00,1,1.893,459.5,41.3
2026-10-06 15:25:00,1,2.512,568.2,40.8
2026-10-06 15:30:00,1,2.084,501.6,40.3
2026-10-06 15:35:00,1,2.16,514.7,39.7
2026-10-06 15:40:00,1,1.953,468.8,39.2
2026-10-06 15:45:00,1,1.757,426.7,38.7
2026-10-06 15:50:00,1,1.627,384.8,38.1
2026-10-06 15:55:00,1,1.639,398.5,37.6
2026-10-06 16:00:00,1,1.943,450.5,37.0
2026-10-06 16:05:00,1,1.638,387.0,36.4
2026-10-06 16:10:00,1,1.641,381.0,35.9
2026-10-06 16:15:00,1,1.573,367.8,35.3
2026-10-06 16:20:00,1,1.795,411.2,34.7
2026-10-06 16:25:00,1,1.749,402.4,34.1
2026-10-06 16:30:00,1,1.311,319.8,33.5
2026-10-06 16:30:00,1,1.311,319.8,33.5
2026-10-06 16:35:00,1,1.455,337.7,32.9
2026-10-06 16:40:00,1,1.023,241.9,32.3
2026-10-06 16:45:00,1,1.09,253.2,31.6
2026-10-06 16:50:00,1,1.028,234.6,31.0
2026-10-06 16:55:00,1,0.949,234.2,30.4
2026-10-06 17:00:00,1,0.773,187.7,29.8
2026-10-06 17:05:00,1,1.011,230.5,29.1
2026-10-06 17:10:00,1,0.871,197.9,28.5
2026-10-06 17:15:00,1,0.624,150.9,27.9
2026-10-06 17:20:00,1,0.574,130.7,27.2
2026-10-06 17:20:00,1,0.574,130.7,27.2
2026-10-06 17:25:00,1,0.487,113.3,26.6
2026-10-06 17:30:00,1,0.476,116.5,25.9
2026-10-06 17:35:00,1,0.442,106.5,25.3
2026-10-06 17:40:00,1,0.366,83.4,24.6
2026-10-06 17:45:00,1,0.274,62.2,24.0
2026-10-06 17:50:00,1,0.158,36.2,23.3
2026-10-06 17:55:00,1,0.078,17.9,22.7
2026-10-06 18:00:00,1,0.0,0.0,22.0
2026-10-06 18:05:00,1,0.0,0.0,22.0
2026-10-06 18:10:00,1,0.0,0.0,22.0
2026-10-06 18:15:00,1,0.0,0.0,22.0
2026-10-06 18:20:00,1,0.0,0.0,22.0
2026-10-06 18:25:00,1,0.0,0.0,22.0
2026-10-06 18:30:00,1,0.0,0.0,22.0
2026-10-06 18:35:00,1,0.0,0.0,22.0
2026-10-06 18:40:00,1,0.0,0.0,22.0
2026-10-06 18:45:00,1,0.0,0.0,22.0
2026-10-06 18:50:00,1,0.0,0.0,22.0
2026-10-06 18:55:00,1,0.0,0.0,22.0
2026-10-06 19:00:00,1,0.0,0.0,22.0
2026-10-06 19:05:00,1,0.0,0.0,22.0
2026-10-06 19:10:00,1,0.0,0.0,22.0
2026-10-06 19:15:00,1,0.0,0.0,22.0
2026-10-06 19:20:00,1,0.0,0.0,22.0
2026-10-06 19:25:00,1,0.0,0.0,22.0
2026-10-06 19:30:00,1,0.0,0.0,22.0
2026-10-06 19:35:00,1,0.0,0.0,22.0
2026-10-06 19:40:00,1,-1,0.0,22.0
2026-10-06 19:45:00,1,0.0,0.0,22.0
2026-10-06 19:50:00,1,0.0,0.0,22.0
2026-10-06 19:55:00,1,0.0,0.0,22.0
2026-10-06 20:00:00,1,0.0,0.0,22.0
2026-10-06 20:05:00,1,0.0,0.0,22.0
2026-10-06 20:10:00,1,0.0,0.0,22.0
2026-10-06 20:15:00,1,0.0,0.0,22.0
2026-10-06 20:15:00,1,0.0,0.0,22.0
2026-10-06 20:20:00,1,0.0,0.0,22.0
2026-10-06 20:25:00,1,0.0,0.0,22.0
2026-10-06 20:30:00,1,0.0,0.0,22.0
2026-10-06 20:35:00,1,0.0,0.0,22.0
2026-10-06 20:40:00,1,0.0, ,22.0
2026-10-06 20:45:00,1,0.0,0.0,22.0
2026-10-06 20:50:00,1,0.0,0.0,22.0
2026-10-06 20:55:00,1,0.0,0.0,22.0
2026-10-06 21:00:00,1,0.0,0.0,22.0
2026-10-06 21:05:00,1,0.0,0.0,22.0
2026-10-06 21:10:00,1,0.0,0.0,22.0
2026-10-06 21:15:00,1,0.0,0.0,22.0
2026-10-06 21:20:00,1,0.0,0.0,22.0
2026-10-06 21:25:00,1,0.0,0.0,22.0
2026-10-06 21:30:00,1,0.0,0.0,22.0
2026-10-06 21:35:00,1,0.0,0.0,22.0
2026-10-06 21:40:00,1,0.0,0.0,22.0
2026-10-06 21:45:00,1,0.0,0.0,22.0
2026-10-06 21:50:00,1,0.0,0.0,22.0
2026-10-06 21:55:00,1,0.0,0.0,22.0
2026-10-06 22:00:00,1,0.0,0.0,22.0
2026-10-06 22:05:00,1,0.0,0.0,22.0
2026-10-06 22:10:00,1,0.0,0.0,22.0
2026-10-06 22:15:00,1,0.0,0.0,22.0
2026-10-06 22:20:00,1,0.0,0.0,22.0
2026-10-06 22:25:00,1,0.0,0.0,22.0
2026-10-06 22:30:00,1,0.0,0.0,22.0
2026-10-06 22:35:00,1,0.0,0.0,22.0
2026-10-06 22:40:00,1,0.0,0.0,22.0
2026-10-06 22:45:00,1,0.0,0.0,22.0
2026-10-06 22:50:00,1,0.0,0.0,22.0
2026-10-06 22:55:00,1,0.0,0.0,22.0
2026-10-06 23:00:00,1,0.0,0.0,22.0
2026-10-06 23:05:00,1,0.0,0.0,22.0
2026-10-06 23:10:00,1,0.0,0.0,22.0
2026-10-06 23:15:00,1,0.0,0.0,22.0
2026-10-06 23:20:00,1,0.0,0.0,22.0
2026-10-06 23:25:00,1,0.0,0.0,22.0
2026-10-06 23:30:00,1,0.0,0.0,22.0
2026-10-06 23:35:00,1,0.0,0.0,22.0
2026-10-06 23:40:00,1,0.0,0.0,22.0
2026-10-06 23:45:00,1,0.0,0.0,22.0
2026-10-06 23:50:00,1,0.0,0.0,22.0
2026-10-06 23:55:00,1,0.0,0.0,22.0
2026-10-07 00:00:00,1,0.0,0.0,22.0
2026-10-07 00:05:00,1,0.0,0.0,22.0
2026-10-07 00:10:00,1,-1,0.0,22.0
2026-10-07 00:15:00,1,0.0,0.0,22.0
2026-10-07 00:20:00,1,0.0,0.0,22.0
2026-10-07 00:25:00,1,0.0,0.0,22.0
2026-10-07 00:30:00,1,0.0,0.0,22.0
2026-10-07 00:35:00,1,0.0,0.0,22.0
2026-10-07 00:40:00,1,0.0,0.0,22.0
2026-10-07 00:45:00,1,0.0,0.0,22.0
2026-10-07 00:50:00,1,0.0,0.0,22.0
2026-10-07 00:55:00,1,0.0,0.0,22.0
2026-10-07 01:00:00,1,0.0,0.0,22.0
2026-10-07 01:05:00,1,-1,0.0,22.0
2026-10-07 01:10:00,1,0.0,0.0,22.0
2026-10-07 01:15:00,1,0.0,0.0,22.0
2026-10-07 01:20:00,1,0.0,0.0,22.0
2026-10-07 01:25:00,1,0.0,0.0,22.0
2026-10-07 01:30:00,1,0.0,0.0,22.0
2026-10-07 01:35:00,1,0.0,0.0,22.0
2026-10-07 01:40:00,1,0.0,0.0,22.0
2026-10-07 01:45:00,1,0.0,0.0,22.0
2026-10-07 01:50:00,1,0.0,0.0,22.0
2026-10-07 01:55:00,1,0.0,0.0,22.0
2026-10-07 02:00:00,1,0.0,0.0,22.0
2026-10-07 02:05:00,1,0.0,0.0,22.0
2026-10-07 02:10:00,1,0.0,0.0,22.0
2026-10-07 02:15:00,1,0.0,0.0,22.0
2026-10-07 02:20:00,1,0.0,0.0,22.0
2026-10-07 02:25:00,1,0.0,0.0,22.0
2026-10-07 02:30:00,1,0.0,0.0,22.0
2026-10-07 02:35:00,1,0.0,0.0,22.0
2026-10-07 02:40:00,1,0.0,0.0,22.0
2026-10-07 02:45:00,1,0.0,0.0,22.0
2026-10-07 02:50:00,1,0.0,0.0,22.0
2026-10-07 02:55:00,1,0.0,0.0,22.0
2026-10-07 03:00:00,1,0.0,0.0,22.0
2026-10-07 03:05:00,1,0.0,0.0,22.0
2026-10-07 03:10:00,1,0.0,0.0,22.0
2026-10-07 03:15:00,1,0.0,0.0,22.0
2026-10-07 03:20:00,1,0.0,0.0,22.0
2026-10-07 03:25:00,1,0.0,0.0,22.0
2026-10-07 03:30:00,1,0.0,0.0,22.0
2026-10-07 03:35:00,1,0.0,0.0,22.0
2026-10-07 03:40:00,1,0.0, ,22.0
2026-10-07 03:45:00,1,0.0,0.0,22.0
2026-10-07 03:50:00,1,0.0,0.0,22.0
2026-10-07 03:55:00,1,0.0,0.0,22.0
2026-10-07 04:00:00,1,0.0,0.0,22.0
2026-10-07 04:05:00,1,0.0,0.0,22.0
2026-10-07 04:10:00,1,0.0,0.0,22.0
2026-10-07 04:15:00,1,0.0,0.0,22.0
2026-10-07 04:20:00,1,0.0,0.0,22.0
2026-10-07 04:20:00,1,0.0,0.0,22.0
2026-10-07 04:25:00,1,0.0,0.0,22.0
2026-10-07 04:30:00,1,0.0,0.0,22.0
2026-10-07 04:35:00,1,0.0,0.0,22.0
2026-10-07 04:40:00,1,0.0,0.0,22.0
2026-10-07 04:45:00,1,0.0,0.0,22.0
2026-10-07 04:50:00,1,0.0,0.0,22.0
2026-10-07 04:55:00,1,0.0,0.0,22.0
2026-10-07 05:00:00,1,0.0,0.0,22.0
2026-10-07 05:05:00,1,0.0, ,22.0
2026-10-07 05:10:00,1,0.0,0.0,22.0
2026-10-07 05:15:00,1,0.0,0.0,22.0
2026-10-07 05:20:00,1,0.0,0.0,22.0
2026-10-07 05:25:00,1,0.0,0.0,22.0
2026-10-07 05:30:00,1,0.0,0.0,22.0
2026-10-07 05:35:00,1,0.0,0.0,22.0
2026-10-07 05:40:00,1,0.0,0.0,22.0
2026-10-07 05:45:00,1,0.0,0.0,22.0
2026-10-07 05:50:00,1,0.0,0.0,22.0
2026-10-07 05:55:00,1,0.0,0.0,22.0
2026-10-07 06:00:00,1,0.0,0.0,22.0
2026-10-07 06:05:00,1,0.072,17.5,22.7
2026-10-07 06:10:00,1,0.181,40.5,23.3
2026-10-07 06:15:00,1,0.249,56.0,24.0
2026-10-07 06:20:00,1,0.304,75.6,24.6
2026-10-07 06:25:00,1,0.338,80.8,25.3
2026-10-07 06:30:00,1,0.418,100.9,25.9
2026-10-07 06:35:00,1,0.559,133.0,26.6
2026-10-07 06:40:00,1,0.715,170.1,27.2
2026-10-07 06:45:00,1,0.699,162.6,27.9
2026-10-07 06:50:00,1,0.812,192.8,28.5
2026-10-07 06:55:00,1,0.838,204.7,29.1
2026-10-07 07:00:00,1,0.799,182.6,29.8
2026-10-07 07:05:00,1,0.988,238.6,30.4
2026-10-07 07:10:00,1,1.221,275.8,31.0
2026-10-07 07:15:00,1,1.073,254.6,31.6
2026-10-07 07:20:00,1,1.361,337.4,32.3
2026-10-07 07:25:00,1,1.422,329.9,32.9
2026-10-07 07:30:00,1,1.216,289.0,33.5
2026-10-07 07:35:00,1,1.33,324.4,34.1
2026-10-07 07:40:00,1,1.32,303.7,34.7
2026-10-07 07:45:00,1,1.491,336.5,35.3
2026-10-07 07:50:00,1,1.913,459.8,35.9
2026-10-07 07:55:00,1,1.869,429.5,36.4
2026-10-07 08:00:00,1,1.474,362.8,37.0
2026-10-07 08:05:00,1,1.857,464.0,37.6
2026-10-07 08:10:00,1,1.98,453.0,38.1
2026-10-07 08:15:00,1,2.182,503.2,38.7
2026-10-07 08:20:00,1,2.176,515.1,39.2
2026-10-07 08:25:00,1,2.259,556.7,39.7
2026-10-07 08:30:00,1,2.313,572.1,40.3
2026-10-07 08:35:00,1,2.165,520.2,40.8
2026-10-07 08:40:00,1,2.425,565.8,41.3
2026-10-07 08:45:00,1,2.626,631.1,41.8
2026-10-07 08:50:00,1,2.61,620.7,42.3
2026-10-07 08:55:00,1,2.794,658.0,42.7
2026-10-07 09:00:00,1,3.117,693.8,43.2
2026-10-07 09:05:00,1,2.967,698.7,43.7
2026-10-07 09:10:00,1,2.773, ,44.1
2026-10-07 09:15:00,1,3.084,692.9,44.6
2026-10-07 09:20:00,1,3.105,750.8,45.0
2026-10-07 09:25:00,1,2.958,667.6,45.4
2026-10-07 09:30:00,1,3.114,718.9,45.8
2026-10-07 09:35:00,1,3.039,679.4,46.2
2026-10-07 09:40:00,1,2.586,583.8,46.6
2026-10-07 09:45:00,1,2.704,631.7,46.9
2026-10-07 09:50:00,1,2.917,710.0,47.3
2026-10-07 09:55:00,1,2.657,603.7,47.6
2026-10-07 10:00:00,1,3.504,837.1,48.0
2026-10-07 10:05:00,1,3.493,796.2,48.3
2026-10-07 10:10:00,1,3.539,811.4,48.6
2026-10-07 10:15:00,1,3.589,896.4,48.9
2026-10-07 10:20:00,1,3.712,838.3,49.2
2026-10-07 10:25:00,1,3.402,841.7,49.5
2026-10-07 10:30:00,1,3.434,783.2,49.7
2026-10-07 10:35:00,1,3.928,918.5,50.0
2026-10-07 10:40:00,1,3.437,772.9,50.2
2026-10-07 10:45:00,1,3.469,849.0,50.4
2026-10-07 10:50:00,1,3.643, ,50.6
2026-10-07 10:55:00,1,4.061,921.5,50.8
2026-10-07 11:00:00,1,3.085,739.3,51.0
2026-10-07 11:05:00,1,3.564,832.5,51.1
2026-10-07 11:10:00,1,2.906,687.7,51.3
2026-10-07 11:15:00,1,2.968,727.5,51.4
2026-10-07 11:20:00,1,3.922,912.6,51.5
2026-10-07 11:25:00,1,3.383,822.6,51.7
2026-10-07 11:30:00,1,3.774,871.6,51.7
2026-10-07 11:35:00,1,4.11,932.7,51.8
2026-10-07 11:40:00,1,4.146,976.5,51.9
2026-10-07 11:45:00,1,3.527,825.7,51.9
2026-10-07 11:50:00,1,3.171,717.2,52.0
2026-10-07 11:55:00,1,3.183,756.6,52.0
2026-10-07 12:00:00,1,-1,711.4,52.0
2026-10-07 12:05:00,1,3.448,810.8,52.0
2026-10-07 12:10:00,1,3.958,880.2,52.0
2026-10-07 12:15:00,1,3.237,767.4,51.9
2026-10-07 12:20:00,1,4.115,948.0,51.9
2026-10-07 12:25:00,1,4.168,957.3,51.8
2026-10-07 12:30:00,1,3.793,888.4,51.7
2026-10-07 12:35:00,1,3.433,782.2,51.7
2026-10-07 12:40:00,1,3.895,906.7,51.5
2026-10-07 12:45:00,1,3.656,862.0,51.4
2026-10-07 12:50:00,1,3.127,711.9,51.3
2026-10-07 12:55:00,1,3.74,837.5,51.1
2026-10-07 13:00:00,1,3.267,756.4,51.0
2026-10-07 13:05:00,1,3.606,845.3,50.8
2026-10-07 13:10:00,1,3.34,781.6,50.6
2026-10-07 13:15:00,1,3.657,901.2,50.4
2026-10-07 13:20:00,1,3.967,904.9,50.2
2026-10-07 13:25:00,1,3.305,802.7,50.0
2026-10-07 13:30:00,1,3.115,694.5,49.7
2026-10-07 13:35:00,1,3.097,714.1,49.5
2026-10-07 13:40:00,1,3.921,883.2,49.2
2026-10-07 13:45:00,1,3.29,805.4,48.9
2026-10-07 13:50:00,1,3.853,866.1,48.6
2026-10-07 13:55:00,1,2.59,629.7,48.3
2026-10-07 14:00:00,1,2.826,698.4,48.0
2026-10-07 14:05:00,1,2.534,631.7,47.6
2026-10-07 14:10:00,1,3.281,776.0,47.3
2026-10-07 14:15:00,1,2.716,663.2,46.9
2026-10-07 14:20:00,1,3.398,816.5,46.6
2026-10-07 14:20:00,1,3.398,816.5,46.6
2026-10-07 14:25:00,1,2.388,585.6,46.2
2026-10-07 14:30:00,1,2.977,685.7,45.8
2026-10-07 14:35:00,1,2.331,576.8,45.4
2026-10-07 14:40:00,1,2.48,559.7,45.0
2026-10-07 14:45:00,1,2.374,584.9,44.6
2026-10-07 14:50:00,1,3.045,724.4,44.1
2026-10-07 14:55:00,1,2.655,596.2,43.7
2026-10-07 15:00:00,1,2.81, ,43.2
2026-10-07 15:05:00,1,2.789,667.7,42.7
2026-10-07 15:10:00,1,2.653, ,42.3
2026-10-07 15:15:00,1,2.69,635.2,41.8
2026-10-07 15:20:00,1,2.166,512.5,41.3
2026-10-07 15:25:00,1,2.404,597.9,40.8
2026-10-07 15:25:00,1,2.404,597.9,40.8
2026-10-07 15:30:00,1,2.024,472.8,40.3
2026-10-07 15:35:00,1,2.105,501.3,39.7
2026-10-07 15:40:00,1,1.891,445.5,39.2
2026-10-07 15:45:00,1,1.865,421.6,38.7
2026-10-07 15:50:00,1,2.072,461.0,38.1
2026-10-07 15:55:00,1,2.123,478.9,37.6
2026-10-07 16:00:00,1,1.591,354.7,37.0
2026-10-07 16:05:00,1,-1,388.1,36.4
2026-10-07 16:10:00,1,1.824,436.3,35.9
2026-10-07 16:15:00,1,1.884,431.6,35.3
2026-10-07 16:20:00,1,1.722,385.0,34.7
2026-10-07 16:25:00,1,1.324,307.0,34.1
2026-10-07 16:30:00,1,1.39,327.4,33.5
2026-10-07 16:35:00,1,1.098, ,32.9
2026-10-07 16:40:00,1,1.246,309.9,32.3
2026-10-07 16:45:00,1,1.247,278.9,31.6
2026-10-07 16:50:00,1,1.021,251.5,31.0
2026-10-07 16:55:00,1,1.06,246.9,30.4
2026-10-07 17:00:00,1,0.84,209.6,29.8
2026-10-07 17:05:00,1,0.989,228.7,29.1
2026-10-07 17:10:00,1,0.674,160.7,28.5
2026-10-07 17:15:00,1,0.609,144.9,27.9
2026-10-07 17:20:00,1,0.601,135.9,27.2
2026-10-07 17:25:00,1,0.456,106.8,26.6
2026-10-07 17:30:00,1,0.525,119.0,25.9
2026-10-07 17:35:00,1,0.31,77.1,25.3
2026-10-07 17:40:00,1,0.317,71.0,24.6
2026-10-07 17:45:00,1,0.249,57.1,24.0
2026-10-07 17:45:00,1,0.249,57.1,24.0
2026-10-07 17:50:00,1,0.138,31.2,23.3
2026-10-07 17:55:00,1,0.074,16.7,22.7
2026-10-07 18:00:00,1,0.0,0.0,22.0
2026-10-07 18:05:00,1,0.0,0.0,22.0
2026-10-07 18:10:00,1,0.0,0.0,22.0
2026-10-07 18:15:00,1,0.0,0.0,22.0
2026-10-07 18:20:00,1,0.0,0.0,22.0
2026-10-07 18:25:00,1,0.0,0.0,22.0
2026-10-07 18:30:00,1,0.0,0.0,22.0
2026-10-07 18:35:00,1,0.0,0.0,22.0
2026-10-07 18:40:00,1,0.0,0.0,22.0
2026-10-07 18:45:00,1,0.0,0.0,22.0
2026-10-07 18:50:00,1,0.0,0.0,22.0
2026-10-07 18:55:00,1,0.0,0.0,22.0
2026-10-07 19:00:00,1,0.0,0.0,22.0
2026-10-07 19:00:00,1,0.0,0.0,22.0
2026-10-07 19:05:00,1,0.0,0.0,22.0
2026-10-07 19:10:00,1,0.0,0.0,22.0
2026-10-07 19:15:00,1,0.0,0.0,22.0
2026-10-07 19:20:00,1,0.0,0.0,22.0
2026-10-07 19:25:00,1,0.0,0.0,22.0
2026-10-07 19:30:00,1,0.0,0.0,22.0
2026-10-07 19:35:00,1,0.0,0.0,22.0
2026-10-07 19:40:00,1,0.0,0.0,22.0
2026-10-07 19:45:00,1,0.0,0.0,22.0
2026-10-07 19:50:00,1,0.0,0.0,22.0
2026-10-07 19:55:00,1,0.0,0.0,22.0
2026-10-07 20:00:00,1,0.0,0.0,22.0
2026-10-07 20:05:00,1,0.0,0.0,22.0
2026-10-07 20:10:00,1,0.0,0.0,22.0
2026-10-07 20:15:00,1,0.0,0.0,22.0
2026-10-07 20:20:00,1,0.0,0.0,22.0
2026-10-07 20:25:00,1,0.0,0.0,22.0
2026-10-07 20:30:00,1,0.0,0.0,22.0
2026-10-07 20:35:00,1,0.0,0.0,22.0
2026-10-07 20:40:00,1,0.0,0.0,22.0
2026-10-07 20:45:00,1,0.0,0.0,22.0
2026-10-07 20:50:00,1,0.0,0.0,22.0
2026-10-07 20:55:00,1,0.0,0.0,22.0
2026-10-07 21:00:00,1,0.0,0.0,22.0
2026-10-07 21:05:00,1,0.0,0.0,22.0
2026-10-07 21:10:00,1,0.0,0.0,22.0
2026-10-07 21:10:00,1,0.0,0.0,22.0
2026-10-07 21:15:00,1,0.0,0.0,22.0
2026-10-07 21:20:00,1,-1,0.0,22.0
2026-10-07 21:25:00,1,0.0,0.0,22.0
2026-10-07 21:30:00,1,0.0,0.0,22.0
2026-10-07 21:35:00,1,0.0,0.0,22.0
2026-10-07 21:40:00,1,0.0,0.0,22.0
2026-10-07 21:45:00,1,0.0,0.0,22.0
2026-10-07 21:50:00,1,0.0,0.0,22.0
2026-10-07 21:55:00,1,0.0,0.0,22.0
2026-10-07 22:00:00,1,0.0,0.0,22.0
2026-10-07 22:05:00,1,0.0,0.0,22.0
2026-10-07 22:10:00,1,0.0,0.0,22.0
2026-10-07 22:15:00,1,0.0,0.0,22.0
2026-10-07 22:20:00,1,0.0,0.0,22.0
2026-10-07 22:25:00,1,0.0,0.0,22.0
2026-10-07 22:30:00,1,0.0,0.0,22.0
2026-10-07 22:35:00,1,0.0,0.0,22.0
2026-10-07 22:40:00,1,0.0, ,22.0
2026-10-07 22:45:00,1,0.0,0.0,22.0
2026-10-07 22:50:00,1,0.0,0.0,22.0
2026-10-07 22:50:00,1,0.0,0.0,22.0
2026-10-07 22:55:00,1,0.0,0.0,22.0
2026-10-07 23:00:00,1,0.0,0.0,22.0
2026-10-07 23:05:00,1,0.0,0.0,22.0
2026-10-07 23:10:00,1,0.0,0.0,22.0
2026-10-07 23:15:00,1,0.0,0.0,22.0
2026-10-07 23:20:00,1,0.0,0.0,22.0
2026-10-07 23:25:00,1,0.0,0.0,22.0
2026-10-07 23:30:00,1,0.0,0.0,22.0
2026-10-07 23:35:00,1,0.0,0.0,22.0
2026-10-07 23:40:00,1,0.0,0.0,22.0
2026-10-07 23:45:00,1,0.0,0.0,22.0
2026-10-07 23:50:00,1,0.0,0.0,22.0
2026-10-07 23:55:00,1,0.0,0.0,22.0
